Association ID,Product ID,Category ID
1,PID0000,48
2,PID0001,1
3,PID0002,84
4,PID0003,42
5,PID0004,58
6,PID0005,31
7,PID0006,95
8,PID0007,73
9,PID0008,26
10,PID0009,55
11,PID0010,15
12,PID0011,17
13,PID0012,57
14,PID0013,59
15,PID0014,95
16,PID0015,80
17,PID0016,47
18,PID0017,25
19,PID0018,51
20,PID0019,86
21,PID0020,87
22,PID0021,71
23,PID0022,22
24,PID0023,11
25,PID0024,12
26,PID0025,19
27,PID0026,75
28,PID0027,80
29,PID0028,29
30,PID0029,58
31,PID0030,34
32,PID0031,74
33,PID0032,42
34,PID0033,82
35,PID0034,94
36,PID0035,70
37,PID0036,74
38,PID0037,62
39,PID0038,94
40,PID0039,92
41,PID0040,19
42,PID0041,51
43,PID0042,46
44,PID0043,52
45,PID0044,35
46,PID0045,11
47,PID0046,92
48,PID0047,6
49,PID0048,60
50,PID0049,14
51,PID0050,1
52,PID0051,55
53,PID0052,38
54,PID0053,87
55,PID0054,3
56,PID0055,28
57,PID0056,92
58,PID0057,20
59,PID0058,4
60,PID0059,73
61,PID0060,26
62,PID0061,96
63,PID0062,74
64,PID0063,91
65,PID0064,63
66,PID0065,55
67,PID0066,60
68,PID0067,21
69,PID0068,80
70,PID0069,40
71,PID0070,30
72,PID0071,7
73,PID0072,36
74,PID0073,55
75,PID0074,60
76,PID0075,66
77,PID0076,96
78,PID0077,29
79,PID0078,84
80,PID0079,19
81,PID0080,37
82,PID0081,29
83,PID0082,5
84,PID0083,2
85,PID0084,1
86,PID0085,21
87,PID0086,24
88,PID0087,44
89,PID0088,4
90,PID0089,21
91,PID0090,92
92,PID0091,69
93,PID0092,54
94,PID0093,58
95,PID0094,58
96,PID0095,93
97,PID0096,29
98,PID0097,99
99,PID0098,60
100,PID0099,79
101,PID0100,41
102,PID0101,45
103,PID0102,56
104,PID0103,57
105,PID0104,33
106,PID0105,60
107,PID0106,21
108,PID0107,32
109,PID0108,2
110,PID0109,63
111,PID0110,12
112,PID0111,52
113,PID0112,34
114,PID0113,32
115,PID0114,16
116,PID0115,79
117,PID0116,76
118,PID0117,81
119,PID0118,6
120,PID0119,5
121,PID0120,21
122,PID0121,29
123,PID0122,80
124,PID0123,70
125,PID0124,77
126,PID0125,38
127,PID0126,38
128,PID0127,57
129,PID0128,42
130,PID0129,13
131,PID0130,88
132,PID0131,25
133,PID0132,31
134,PID0133,73
135,PID0134,22
136,PID0135,68
137,PID0136,77
138,PID0137,63
139,PID0138,20
140,PID0139,53
141,PID0140,83
142,PID0141,71
143,PID0142,18
144,PID0143,88
145,PID0144,89
146,PID0145,31
147,PID0146,31
148,PID0147,91
149,PID0148,45
150,PID0149,86
151,PID0150,19
152,PID0151,47
153,PID0152,81
154,PID0153,37
155,PID0154,6
156,PID0155,90
157,PID0156,72
158,PID0157,41
159,PID0158,60
160,PID0159,61
161,PID0160,73
162,PID0161,2
163,PID0162,2
164,PID0163,93
165,PID0164,32
166,PID0165,72
167,PID0166,58
168,PID0167,22
169,PID0168,85
170,PID0169,28
171,PID0170,37
172,PID0171,80
173,PID0172,92
174,PID0173,27
175,PID0174,40
176,PID0175,45
177,PID0176,24
178,PID0177,70
179,PID0178,27
180,PID0179,81
181,PID0180,26
182,PID0181,2
183,PID0182,85
184,PID0183,98
185,PID0184,62
186,PID0185,65
187,PID0186,16
188,PID0187,49
189,PID0188,71
190,PID0189,1
191,PID0190,5
192,PID0191,96
193,PID0192,9
194,PID0193,70
195,PID0194,12
196,PID0195,3
197,PID0196,40
198,PID0197,83
199,PID0198,57
200,PID0199,35
201,PID0200,6
202,PID0201,87
203,PID0202,13
204,PID0203,51
205,PID0204,58
206,PID0205,23
207,PID0206,46
208,PID0207,56
209,PID0208,29
210,PID0209,10
211,PID0210,24
212,PID0211,70
213,PID0212,82
214,PID0213,91
215,PID0214,2
216,PID0215,77
217,PID0216,34
218,PID0217,37
219,PID0218,17
220,PID0219,60
221,PID0220,87
222,PID0221,47
223,PID0222,34
224,PID0223,73
225,PID0224,48
226,PID0225,54
227,PID0226,31
228,PID0227,87
229,PID0228,32
230,PID0229,72
231,PID0230,53
232,PID0231,97
233,PID0232,12
234,PID0233,15
235,PID0234,93
236,PID0235,43
237,PID0236,26
238,PID0237,73
239,PID0238,37
240,PID0239,76
241,PID0240,17
242,PID0241,50
243,PID0242,87
244,PID0243,47
245,PID0244,21
246,PID0245,34
247,PID0246,16
248,PID0247,31
249,PID0248,56
250,PID0249,15
251,PID0250,89
252,PID0251,71
253,PID0252,51
254,PID0253,57
255,PID0254,19
256,PID0255,52
257,PID0256,34
258,PID0257,2
259,PID0258,18
260,PID0259,36
261,PID0260,20
262,PID0261,47
263,PID0262,52
264,PID0263,12
265,PID0264,51
266,PID0265,74
267,PID0266,82
268,PID0267,47
269,PID0268,34
270,PID0269,37
271,PID0270,53
272,PID0271,39
273,PID0272,3
274,PID0273,41
275,PID0274,39
276,PID0275,80
277,PID0276,77
278,PID0277,69
279,PID0278,23
280,PID0279,43
281,PID0280,52
282,PID0281,90
283,PID0282,78
284,PID0283,76
285,PID0284,34
286,PID0285,52
287,PID0286,35
288,PID0287,96
289,PID0288,76
290,PID0289,30
291,PID0290,44
292,PID0291,64
293,PID0292,43
294,PID0293,83
295,PID0294,36
296,PID0295,31
297,PID0296,96
298,PID0297,59
299,PID0298,82
300,PID0299,57
301,PID0300,51
302,PID0301,58
303,PID0302,28
304,PID0303,23
305,PID0304,86
306,PID0305,98
307,PID0306,57
308,PID0307,98
309,PID0308,18
310,PID0309,48
311,PID0310,70
312,PID0311,13
313,PID0312,4
314,PID0313,91
315,PID0314,100
316,PID0315,88
317,PID0316,23
318,PID0317,36
319,PID0318,77
320,PID0319,82
321,PID0320,18
322,PID0321,6
323,PID0322,95
324,PID0323,78
325,PID0324,9
326,PID0325,51
327,PID0326,44
328,PID0327,46
329,PID0328,33
330,PID0329,94
331,PID0330,7
332,PID0331,18
333,PID0332,47
334,PID0333,64
335,PID0334,62
336,PID0335,46
337,PID0336,61
338,PID0337,78
339,PID0338,35
340,PID0339,17
341,PID0340,14
342,PID0341,54
343,PID0342,69
344,PID0343,18
345,PID0344,98
346,PID0345,82
347,PID0346,6
348,PID0347,85
349,PID0348,95
350,PID0349,92
351,PID0350,26
352,PID0351,81
353,PID0352,20
354,PID0353,42
355,PID0354,96
356,PID0355,73
357,PID0356,98
358,PID0357,4
359,PID0358,12
360,PID0359,49
361,PID0360,70
362,PID0361,4
363,PID0362,54
364,PID0363,67
365,PID0364,94
366,PID0365,83
367,PID0366,9
368,PID0367,18
369,PID0368,11
370,PID0369,63
371,PID0370,84
372,PID0371,9
373,PID0372,58
374,PID0373,18
375,PID0374,28
376,PID0375,9
377,PID0376,54
378,PID0377,4
379,PID0378,3
380,PID0379,11
381,PID0380,55
382,PID0381,38
383,PID0382,22
384,PID0383,38
385,PID0384,35
386,PID0385,88
387,PID0386,24
388,PID0387,62
389,PID0388,68
390,PID0389,74
391,PID0390,26
392,PID0391,93
393,PID0392,6
394,PID0393,84
395,PID0394,89
396,PID0395,67
397,PID0396,4
398,PID0397,9
399,PID0398,56
400,PID0399,86
401,PID0400,86
402,PID0401,73
403,PID0402,43
404,PID0403,44
405,PID0404,15
406,PID0405,1
407,PID0406,88
408,PID0407,73
409,PID0408,17
410,PID0409,14
411,PID0410,13
412,PID0411,12
413,PID0412,26
414,PID0413,66
415,PID0414,58
416,PID0415,20
417,PID0416,51
418,PID0417,43
419,PID0418,59
420,PID0419,36
421,PID0420,44
422,PID0421,25
423,PID0422,6
424,PID0423,60
425,PID0424,43
426,PID0425,67
427,PID0426,68
428,PID0427,27
429,PID0428,46
430,PID0429,18
431,PID0430,34
432,PID0431,5
433,PID0432,89
434,PID0433,66
435,PID0434,8
436,PID0435,30
437,PID0436,39
438,PID0437,89
439,PID0438,43
440,PID0439,43
441,PID0440,29
442,PID0441,42
443,PID0442,33
444,PID0443,93
445,PID0444,55
446,PID0445,68
447,PID0446,13
448,PID0447,25
449,PID0448,15
450,PID0449,42
451,PID0450,61
452,PID0451,79
453,PID0452,67
454,PID0453,71
455,PID0454,43
456,PID0455,70
457,PID0456,86
458,PID0457,71
459,PID0458,89
460,PID0459,73
461,PID0460,20
462,PID0461,6
463,PID0462,27
464,PID0463,78
465,PID0464,63
466,PID0465,65
467,PID0466,44
468,PID0467,67
469,PID0468,60
470,PID0469,38
471,PID0470,75
472,PID0471,78
473,PID0472,47
474,PID0473,1
475,PID0474,78
476,PID0475,18
477,PID0476,11
478,PID0477,25
479,PID0478,44
480,PID0479,18
481,PID0480,53
482,PID0481,43
483,PID0482,87
484,PID0483,27
485,PID0484,69
486,PID0485,85
487,PID0486,29
488,PID0487,59
489,PID0488,31
490,PID0489,77
491,PID0490,78
492,PID0491,28
493,PID0492,28
494,PID0493,21
495,PID0494,95
496,PID0495,77
497,PID0496,60
498,PID0497,91
499,PID0498,53
500,PID0499,24
501,PID0500,7
502,PID0501,95
503,PID0502,33
504,PID0503,80
505,PID0504,88
506,PID0505,57
507,PID0506,62
508,PID0507,51
509,PID0508,48
510,PID0509,41
511,PID0510,19
512,PID0511,66
513,PID0512,40
514,PID0513,56
515,PID0514,39
516,PID0515,33
517,PID0516,4
518,PID0517,55
519,PID0518,80
520,PID0519,2
521,PID0520,67
522,PID0521,76
523,PID0522,63
524,PID0523,36
525,PID0524,98
526,PID0525,15
527,PID0526,80
528,PID0527,98
529,PID0528,19
530,PID0529,99
531,PID0530,60
532,PID0531,35
533,PID0532,78
534,PID0533,85
535,PID0534,97
536,PID0535,72
537,PID0536,74
538,PID0537,96
539,PID0538,38
540,PID0539,76
541,PID0540,5
542,PID0541,85
543,PID0542,41
544,PID0543,63
545,PID0544,82
546,PID0545,35
547,PID0546,61
548,PID0547,35
549,PID0548,90
550,PID0549,75
551,PID0550,88
552,PID0551,87
553,PID0552,95
554,PID0553,28
555,PID0554,74
556,PID0555,56
557,PID0556,96
558,PID0557,70
559,PID0558,54
560,PID0559,29
561,PID0560,8
562,PID0561,74
563,PID0562,70
564,PID0563,38
565,PID0564,83
566,PID0565,86
567,PID0566,72
568,PID0567,25
569,PID0568,45
570,PID0569,32
571,PID0570,15
572,PID0571,34
573,PID0572,55
574,PID0573,74
575,PID0574,37
576,PID0575,86
577,PID0576,20
578,PID0577,48
579,PID0578,67
580,PID0579,38
581,PID0580,87
582,PID0581,50
583,PID0582,82
584,PID0583,44
585,PID0584,44
586,PID0585,59
587,PID0586,8
588,PID0587,5
589,PID0588,86
590,PID0589,98
591,PID0590,52
592,PID0591,92
593,PID0592,15
594,PID0593,4
595,PID0594,6
596,PID0595,61
597,PID0596,11
598,PID0597,15
599,PID0598,50
600,PID0599,68
601,PID0600,59
602,PID0601,25
603,PID0602,72
604,PID0603,61
605,PID0604,17
606,PID0605,11
607,PID0606,71
608,PID0607,62
609,PID0608,2
610,PID0609,77
611,PID0610,96
612,PID0611,50
613,PID0612,21
614,PID0613,99
615,PID0614,52
616,PID0615,88
617,PID0616,83
618,PID0617,38
619,PID0618,26
620,PID0619,90
621,PID0620,30
622,PID0621,50
623,PID0622,13
624,PID0623,8
625,PID0624,38
626,PID0625,59
627,PID0626,24
628,PID0627,32
629,PID0628,40
630,PID0629,65
631,PID0630,6
632,PID0631,22
633,PID0632,33
634,PID0633,62
635,PID0634,93
636,PID0635,91
637,PID0636,12
638,PID0637,87
639,PID0638,66
640,PID0639,68
641,PID0640,76
642,PID0641,26
643,PID0642,48
644,PID0643,55
645,PID0644,89
646,PID0645,42
647,PID0646,69
648,PID0647,27
649,PID0648,36
650,PID0649,64
651,PID0650,42
652,PID0651,9
653,PID0652,36
654,PID0653,61
655,PID0654,24
656,PID0655,48
657,PID0656,11
658,PID0657,39
659,PID0658,5
660,PID0659,6
661,PID0660,82
662,PID0661,36
663,PID0662,4
664,PID0663,38
665,PID0664,84
666,PID0665,6
667,PID0666,33
668,PID0667,26
669,PID0668,89
670,PID0669,64
671,PID0670,9
672,PID0671,84
673,PID0672,36
674,PID0673,18
675,PID0674,86
676,PID0675,63
677,PID0676,11
678,PID0677,61
679,PID0678,89
680,PID0679,100
681,PID0680,50
682,PID0681,67
683,PID0682,68
684,PID0683,81
685,PID0684,32
686,PID0685,72
687,PID0686,59
688,PID0687,32
689,PID0688,45
690,PID0689,50
691,PID0690,72
692,PID0691,6
693,PID0692,45
694,PID0693,39
695,PID0694,65
696,PID0695,62
697,PID0696,82
698,PID0697,8
699,PID0698,20
700,PID0699,64
701,PID0700,10
702,PID0701,80
703,PID0702,69
704,PID0703,21
705,PID0704,15
706,PID0705,66
707,PID0706,23
708,PID0707,92
709,PID0708,16
710,PID0709,10
711,PID0710,32
712,PID0711,18
713,PID0712,27
714,PID0713,7
715,PID0714,53
716,PID0715,25
717,PID0716,56
718,PID0717,47
719,PID0718,31
720,PID0719,46
721,PID0720,7
722,PID0721,98
723,PID0722,30
724,PID0723,68
725,PID0724,98
726,PID0725,23
727,PID0726,88
728,PID0727,2
729,PID0728,82
730,PID0729,80
731,PID0730,1
732,PID0731,50
733,PID0732,77
734,PID0733,15
735,PID0734,12
736,PID0735,84
737,PID0736,59
738,PID0737,26
739,PID0738,94
740,PID0739,7
741,PID0740,9
742,PID0741,82
743,PID0742,22
744,PID0743,8
745,PID0744,19
746,PID0745,4
747,PID0746,47
748,PID0747,90
749,PID0748,98
750,PID0749,72
751,PID0750,94
752,PID0751,7
753,PID0752,93
754,PID0753,22
755,PID0754,22
756,PID0755,83
757,PID0756,70
758,PID0757,21
759,PID0758,38
760,PID0759,58
761,PID0760,80
762,PID0761,34
763,PID0762,38
764,PID0763,8
765,PID0764,61
766,PID0765,40
767,PID0766,15
768,PID0767,43
769,PID0768,4
770,PID0769,64
771,PID0770,97
772,PID0771,30
773,PID0772,33
774,PID0773,16
775,PID0774,83
776,PID0775,24
777,PID0776,14
778,PID0777,80
779,PID0778,94
780,PID0779,79
781,PID0780,36
782,PID0781,32
783,PID0782,54
784,PID0783,56
785,PID0784,62
786,PID0785,93
787,PID0786,3
788,PID0787,96
789,PID0788,30
790,PID0789,100
791,PID0790,30
792,PID0791,82
793,PID0792,42
794,PID0793,96
795,PID0794,23
796,PID0795,56
797,PID0796,63
798,PID0797,74
799,PID0798,96
800,PID0799,20
801,PID0800,99
802,PID0801,4
803,PID0802,63
804,PID0803,82
805,PID0804,14
806,PID0805,44
807,PID0806,1
808,PID0807,33
809,PID0808,60
810,PID0809,80
811,PID0810,54
812,PID0811,38
813,PID0812,51
814,PID0813,44
815,PID0814,61
816,PID0815,7
817,PID0816,65
818,PID0817,25
819,PID0818,79
820,PID0819,21
821,PID0820,25
822,PID0821,34
823,PID0822,73
824,PID0823,46
825,PID0824,53
826,PID0825,87
827,PID0826,57
828,PID0827,62
829,PID0828,28
830,PID0829,9
831,PID0830,44
832,PID0831,4
833,PID0832,82
834,PID0833,90
835,PID0834,58
836,PID0835,15
837,PID0836,74
838,PID0837,56
839,PID0838,68
840,PID0839,75
841,PID0840,65
842,PID0841,87
843,PID0842,79
844,PID0843,97
845,PID0844,77
846,PID0845,19
847,PID0846,7
848,PID0847,86
849,PID0848,83
850,PID0849,55
851,PID0850,71
852,PID0851,43
853,PID0852,100
854,PID0853,45
855,PID0854,48
856,PID0855,29
857,PID0856,76
858,PID0857,88
859,PID0858,17
860,PID0859,9
861,PID0860,21
862,PID0861,27
863,PID0862,19
864,PID0863,7
865,PID0864,51
866,PID0865,90
867,PID0866,31
868,PID0867,25
869,PID0868,92
870,PID0869,86
871,PID0870,75
872,PID0871,57
873,PID0872,38
874,PID0873,30
875,PID0874,89
876,PID0875,95
877,PID0876,28
878,PID0877,96
879,PID0878,28
880,PID0879,36
881,PID0880,34
882,PID0881,67
883,PID0882,66
884,PID0883,26
885,PID0884,44
886,PID0885,79
887,PID0886,81
888,PID0887,39
889,PID0888,75
890,PID0889,26
891,PID0890,71
892,PID0891,9
893,PID0892,7
894,PID0893,24
895,PID0894,98
896,PID0895,39
897,PID0896,61
898,PID0897,11
899,PID0898,9
900,PID0899,7
901,PID0900,59
902,PID0901,98
903,PID0902,88
904,PID0903,94
905,PID0904,35
906,PID0905,10
907,PID0906,80
908,PID0907,23
909,PID0908,38
910,PID0909,73
911,PID0910,22
912,PID0911,26
913,PID0912,89
914,PID0913,55
915,PID0914,41
916,PID0915,89
917,PID0916,10
918,PID0917,83
919,PID0918,22
920,PID0919,24
921,PID0920,68
922,PID0921,72
923,PID0922,44
924,PID0923,12
925,PID0924,99
926,PID0925,48
927,PID0926,95
928,PID0927,97
929,PID0928,6
930,PID0929,61
931,PID0930,26
932,PID0931,66
933,PID0932,59
934,PID0933,93
935,PID0934,31
936,PID0935,18
937,PID0936,68
938,PID0937,32
939,PID0938,33
940,PID0939,24
941,PID0940,96
942,PID0941,29
943,PID0942,99
944,PID0943,89
945,PID0944,45
946,PID0945,99
947,PID0946,23
948,PID0947,87
949,PID0948,19
950,PID0949,33
951,PID0950,14
952,PID0951,61
953,PID0952,66
954,PID0953,100
955,PID0954,92
956,PID0955,7
957,PID0956,16
958,PID0957,30
959,PID0958,49
960,PID0959,44
961,PID0960,67
962,PID0961,67
963,PID0962,35
964,PID0963,16
965,PID0964,73
966,PID0965,48
967,PID0966,24
968,PID0967,64
969,PID0968,40
970,PID0969,38
971,PID0970,81
972,PID0971,2
973,PID0972,81
974,PID0973,85
975,PID0974,3
976,PID0975,74
977,PID0976,70
978,PID0977,99
979,PID0978,59
980,PID0979,60
981,PID0980,20
982,PID0981,31
983,PID0982,21
984,PID0983,53
985,PID0984,26
986,PID0985,49
987,PID0986,1
988,PID0987,75
989,PID0988,73
990,PID0989,100
991,PID0990,67
992,PID0991,90
993,PID0992,16
994,PID0993,24
995,PID0994,54
996,PID0995,47
997,PID0996,11
998,PID0997,7
999,PID0998,55
1000,PID0999,61
1001,PID1000,22
1002,PID1001,20
1003,PID1002,24
1004,PID1003,93
1005,PID1004,62
1006,PID1005,92
1007,PID1006,12
1008,PID1007,55
1009,PID1008,19
1010,PID1009,16
1011,PID1010,56
1012,PID1011,79
1013,PID1012,54
1014,PID1013,69
1015,PID1014,75
1016,PID1015,18
1017,PID1016,55
1018,PID1017,86
1019,PID1018,48
1020,PID1019,99
1021,PID1020,3
1022,PID1021,28
1023,PID1022,34
1024,PID1023,35
1025,PID1024,27
1026,PID1025,65
1027,PID1026,92
1028,PID1027,15
1029,PID1028,34
1030,PID1029,97
1031,PID1030,15
1032,PID1031,1
1033,PID1032,56
1034,PID1033,84
1035,PID1034,49
1036,PID1035,3
1037,PID1036,25
1038,PID1037,71
1039,PID1038,51
1040,PID1039,88
1041,PID1040,45
1042,PID1041,20
1043,PID1042,35
1044,PID1043,23
1045,PID1044,45
1046,PID1045,5
1047,PID1046,40
1048,PID1047,68
1049,PID1048,46
1050,PID1049,62
1051,PID1050,22
1052,PID1051,25
1053,PID1052,4
1054,PID1053,84
1055,PID1054,24
1056,PID1055,69
1057,PID1056,41
1058,PID1057,35
1059,PID1058,75
1060,PID1059,98
1061,PID1060,63
1062,PID1061,50
1063,PID1062,37
1064,PID1063,1
1065,PID1064,38
1066,PID1065,35
1067,PID1066,1
1068,PID1067,99
1069,PID1068,18
1070,PID1069,58
1071,PID1070,48
1072,PID1071,11
1073,PID1072,88
1074,PID1073,14
1075,PID1074,42
1076,PID1075,93
1077,PID1076,2
1078,PID1077,80
1079,PID1078,6
1080,PID1079,70
1081,PID1080,30
1082,PID1081,58
1083,PID1082,77
1084,PID1083,73
1085,PID1084,7
1086,PID1085,97
1087,PID1086,77
1088,PID1087,57
1089,PID1088,86
1090,PID1089,20
1091,PID1090,79
1092,PID1091,4
1093,PID1092,47
1094,PID1093,58
1095,PID1094,81
1096,PID1095,18
1097,PID1096,42
1098,PID1097,57
1099,PID1098,85
1100,PID1099,32
1101,PID1100,20
1102,PID1101,60
1103,PID1102,63
1104,PID1103,28
1105,PID1104,46
1106,PID1105,48
1107,PID1106,19
1108,PID1107,13
1109,PID1108,79
1110,PID1109,91
1111,PID1110,46
1112,PID1111,79
1113,PID1112,91
1114,PID1113,81
1115,PID1114,10
1116,PID1115,23
1117,PID1116,94
1118,PID1117,77
1119,PID1118,42
1120,PID1119,92
1121,PID1120,92
1122,PID1121,79
1123,PID1122,70
1124,PID1123,50
1125,PID1124,8
1126,PID1125,42
1127,PID1126,81
1128,PID1127,73
1129,PID1128,40
1130,PID1129,86
1131,PID1130,48
1132,PID1131,93
1133,PID1132,94
1134,PID1133,64
1135,PID1134,35
1136,PID1135,69
1137,PID1136,10
1138,PID1137,61
1139,PID1138,64
1140,PID1139,38
1141,PID1140,53
1142,PID1141,41
1143,PID1142,64
1144,PID1143,62
1145,PID1144,69
1146,PID1145,69
1147,PID1146,73
1148,PID1147,17
1149,PID1148,12
1150,PID1149,30
1151,PID1150,39
1152,PID1151,86
1153,PID1152,91
1154,PID1153,16
1155,PID1154,54
1156,PID1155,20
1157,PID1156,100
1158,PID1157,24
1159,PID1158,39
1160,PID1159,10
1161,PID1160,72
1162,PID1161,55
1163,PID1162,83
1164,PID1163,5
1165,PID1164,53
1166,PID1165,95
1167,PID1166,78
1168,PID1167,95
1169,PID1168,100
1170,PID1169,99
1171,PID1170,29
1172,PID1171,83
1173,PID1172,73
1174,PID1173,13
1175,PID1174,78
1176,PID1175,14
1177,PID1176,57
1178,PID1177,74
1179,PID1178,5
1180,PID1179,36
1181,PID1180,90
1182,PID1181,26
1183,PID1182,24
1184,PID1183,10
1185,PID1184,66
1186,PID1185,25
1187,PID1186,21
1188,PID1187,34
1189,PID1188,100
1190,PID1189,17
1191,PID1190,35
1192,PID1191,12
1193,PID1192,12
1194,PID1193,97
1195,PID1194,25
1196,PID1195,84
1197,PID1196,89
1198,PID1197,54
1199,PID1198,71
1200,PID1199,56
1201,PID1200,68
1202,PID1201,90
1203,PID1202,20
1204,PID1203,69
1205,PID1204,20
1206,PID1205,16
1207,PID1206,80
1208,PID1207,74
1209,PID1208,33
1210,PID1209,13
1211,PID1210,72
1212,PID1211,83
1213,PID1212,59
1214,PID1213,3
1215,PID1214,43
1216,PID1215,9
1217,PID1216,10
1218,PID1217,74
1219,PID1218,71
1220,PID1219,14
1221,PID1220,33
1222,PID1221,60
1223,PID1222,70
1224,PID1223,99
1225,PID1224,98
1226,PID1225,41
1227,PID1226,88
1228,PID1227,96
1229,PID1228,25
1230,PID1229,2
1231,PID1230,19
1232,PID1231,34
1233,PID1232,28
1234,PID1233,52
1235,PID1234,41
1236,PID1235,8
1237,PID1236,58
1238,PID1237,64
1239,PID1238,13
1240,PID1239,60
1241,PID1240,20
1242,PID1241,58
1243,PID1242,77
1244,PID1243,35
1245,PID1244,76
1246,PID1245,93
1247,PID1246,75
1248,PID1247,50
1249,PID1248,95
1250,PID1249,100
1251,PID1250,27
1252,PID1251,35
1253,PID1252,72
1254,PID1253,95
1255,PID1254,13
1256,PID1255,64
1257,PID1256,36
1258,PID1257,27
1259,PID1258,83
1260,PID1259,64
1261,PID1260,3
1262,PID1261,45
1263,PID1262,90
1264,PID1263,1
1265,PID1264,23
1266,PID1265,17
1267,PID1266,59
1268,PID1267,92
1269,PID1268,15
1270,PID1269,88
1271,PID1270,37
1272,PID1271,84
1273,PID1272,10
1274,PID1273,37
1275,PID1274,92
1276,PID1275,8
1277,PID1276,24
1278,PID1277,25
1279,PID1278,95
1280,PID1279,4
1281,PID1280,13
1282,PID1281,22
1283,PID1282,3
1284,PID1283,13
1285,PID1284,97
1286,PID1285,83
1287,PID1286,79
1288,PID1287,6
1289,PID1288,86
1290,PID1289,56
1291,PID1290,8
1292,PID1291,59
1293,PID1292,8
1294,PID1293,80
1295,PID1294,87
1296,PID1295,77
1297,PID1296,76
1298,PID1297,85
1299,PID1298,87
1300,PID1299,69
1301,PID1300,51
1302,PID1301,14
1303,PID1302,13
1304,PID1303,56
1305,PID1304,68
1306,PID1305,84
1307,PID1306,4
1308,PID1307,65
1309,PID1308,44
1310,PID1309,45
1311,PID1310,97
1312,PID1311,85
1313,PID1312,70
1314,PID1313,21
1315,PID1314,6
1316,PID1315,49
1317,PID1316,26
1318,PID1317,84
1319,PID1318,86
1320,PID1319,58
1321,PID1320,46
1322,PID1321,79
1323,PID1322,3
1324,PID1323,45
1325,PID1324,15
1326,PID1325,61
1327,PID1326,27
1328,PID1327,13
1329,PID1328,48
1330,PID1329,95
1331,PID1330,25
1332,PID1331,29
1333,PID1332,64
1334,PID1333,27
1335,PID1334,72
1336,PID1335,32
1337,PID1336,53
1338,PID1337,77
1339,PID1338,72
1340,PID1339,2
1341,PID1340,42
1342,PID1341,39
1343,PID1342,80
1344,PID1343,32
1345,PID1344,65
1346,PID1345,29
1347,PID1346,29
1348,PID1347,48
1349,PID1348,30
1350,PID1349,12
1351,PID1350,5
1352,PID1351,94
1353,PID1352,80
1354,PID1353,76
1355,PID1354,36
1356,PID1355,95
1357,PID1356,73
1358,PID1357,91
1359,PID1358,52
1360,PID1359,43
1361,PID1360,10
1362,PID1361,6
1363,PID1362,9
1364,PID1363,21
1365,PID1364,80
1366,PID1365,7
1367,PID1366,67
1368,PID1367,52
1369,PID1368,93
1370,PID1369,31
1371,PID1370,78
1372,PID1371,59
1373,PID1372,33
1374,PID1373,4
1375,PID1374,15
1376,PID1375,87
1377,PID1376,17
1378,PID1377,83
1379,PID1378,41
1380,PID1379,74
1381,PID1380,37
1382,PID1381,79
1383,PID1382,97
1384,PID1383,92
1385,PID1384,56
1386,PID1385,66
1387,PID1386,5
1388,PID1387,12
1389,PID1388,72
1390,PID1389,46
1391,PID1390,15
1392,PID1391,19
1393,PID1392,6
1394,PID1393,49
1395,PID1394,29
1396,PID1395,95
1397,PID1396,37
1398,PID1397,58
1399,PID1398,72
1400,PID1399,2
1401,PID1400,36
1402,PID1401,65
1403,PID1402,44
1404,PID1403,90
1405,PID1404,19
1406,PID1405,58
1407,PID1406,13
1408,PID1407,79
1409,PID1408,42
1410,PID1409,43
1411,PID1410,14
1412,PID1411,53
1413,PID1412,100
1414,PID1413,24
1415,PID1414,23
1416,PID1415,22
1417,PID1416,71
1418,PID1417,73
1419,PID1418,20
1420,PID1419,56
1421,PID1420,57
1422,PID1421,30
1423,PID1422,5
1424,PID1423,97
1425,PID1424,8
1426,PID1425,44
1427,PID1426,49
1428,PID1427,21
1429,PID1428,19
1430,PID1429,45
1431,PID1430,62
1432,PID1431,20
1433,PID1432,48
1434,PID1433,51
1435,PID1434,18
1436,PID1435,26
1437,PID1436,65
1438,PID1437,9
1439,PID1438,18
1440,PID1439,68
1441,PID1440,78
1442,PID1441,59
1443,PID1442,28
1444,PID1443,77
1445,PID1444,70
1446,PID1445,68
1447,PID1446,47
1448,PID1447,63
1449,PID1448,96
1450,PID1449,38
1451,PID1450,46
1452,PID1451,4
1453,PID1452,38
1454,PID1453,43
1455,PID1454,87
1456,PID1455,99
1457,PID1456,39
1458,PID1457,81
1459,PID1458,87
1460,PID1459,41
1461,PID1460,16
1462,PID1461,10
1463,PID1462,27
1464,PID1463,19
1465,PID1464,97
1466,PID1465,96
1467,PID1466,28
1468,PID1467,41
1469,PID1468,67
1470,PID1469,37
1471,PID1470,18
1472,PID1471,36
1473,PID1472,94
1474,PID1473,69
1475,PID1474,3
1476,PID1475,82
1477,PID1476,81
1478,PID1477,41
1479,PID1478,71
1480,PID1479,87
1481,PID1480,93
1482,PID1481,49
1483,PID1482,11
1484,PID1483,53
1485,PID1484,75
1486,PID1485,42
1487,PID1486,2
1488,PID1487,67
1489,PID1488,89
1490,PID1489,13
1491,PID1490,93
1492,PID1491,49
1493,PID1492,66
1494,PID1493,61
1495,PID1494,65
1496,PID1495,94
1497,PID1496,70
1498,PID1497,52
1499,PID1498,20
1500,PID1499,57
1501,PID1500,100
1502,PID1501,47
1503,PID1502,55
1504,PID1503,6
1505,PID1504,22
1506,PID1505,2
1507,PID1506,98
1508,PID1507,77
1509,PID1508,91
1510,PID1509,1
1511,PID1510,66
1512,PID1511,45
1513,PID1512,99
1514,PID1513,34
1515,PID1514,1
1516,PID1515,22
1517,PID1516,24
1518,PID1517,98
1519,PID1518,49
1520,PID1519,8
1521,PID1520,74
1522,PID1521,97
1523,PID1522,63
1524,PID1523,33
1525,PID1524,96
1526,PID1525,1
1527,PID1526,34
1528,PID1527,67
1529,PID1528,55
1530,PID1529,92
1531,PID1530,74
1532,PID1531,84
1533,PID1532,96
1534,PID1533,98
1535,PID1534,63
1536,PID1535,56
1537,PID1536,48
1538,PID1537,16
1539,PID1538,98
1540,PID1539,56
1541,PID1540,6
1542,PID1541,97
1543,PID1542,5
1544,PID1543,7
1545,PID1544,93
1546,PID1545,33
1547,PID1546,56
1548,PID1547,58
1549,PID1548,85
1550,PID1549,52
1551,PID1550,34
1552,PID1551,74
1553,PID1552,62
1554,PID1553,7
1555,PID1554,83
1556,PID1555,70
1557,PID1556,58
1558,PID1557,88
1559,PID1558,31
1560,PID1559,41
1561,PID1560,1
1562,PID1561,72
1563,PID1562,48
1564,PID1563,43
1565,PID1564,99
1566,PID1565,71
1567,PID1566,4
1568,PID1567,3
1569,PID1568,96
1570,PID1569,56
1571,PID1570,92
1572,PID1571,29
1573,PID1572,19
1574,PID1573,18
1575,PID1574,95
1576,PID1575,95
1577,PID1576,43
1578,PID1577,59
1579,PID1578,99
1580,PID1579,91
1581,PID1580,63
1582,PID1581,69
1583,PID1582,8
1584,PID1583,37
1585,PID1584,75
1586,PID1585,51
1587,PID1586,42
1588,PID1587,40
1589,PID1588,62
1590,PID1589,22
1591,PID1590,60
1592,PID1591,7
1593,PID1592,13
1594,PID1593,38
1595,PID1594,14
1596,PID1595,19
1597,PID1596,65
1598,PID1597,43
1599,PID1598,10
1600,PID1599,65
1601,PID1600,87
1602,PID1601,82
1603,PID1602,64
1604,PID1603,53
1605,PID1604,83
1606,PID1605,70
1607,PID1606,82
1608,PID1607,98
1609,PID1608,5
1610,PID1609,5
1611,PID1610,87
1612,PID1611,35
1613,PID1612,29
1614,PID1613,62
1615,PID1614,99
1616,PID1615,62
1617,PID1616,61
1618,PID1617,100
1619,PID1618,83
1620,PID1619,63
1621,PID1620,82
1622,PID1621,34
1623,PID1622,68
1624,PID1623,6
1625,PID1624,70
1626,PID1625,49
1627,PID1626,25
1628,PID1627,63
1629,PID1628,45
1630,PID1629,42
1631,PID1630,12
1632,PID1631,26
1633,PID1632,49
1634,PID1633,30
1635,PID1634,37
1636,PID1635,93
1637,PID1636,13
1638,PID1637,27
1639,PID1638,92
1640,PID1639,90
1641,PID1640,75
1642,PID1641,80
1643,PID1642,43
1644,PID1643,81
1645,PID1644,94
1646,PID1645,42
1647,PID1646,82
1648,PID1647,80
1649,PID1648,22
1650,PID1649,33
1651,PID1650,80
1652,PID1651,7
1653,PID1652,18
1654,PID1653,86
1655,PID1654,8
1656,PID1655,38
1657,PID1656,100
1658,PID1657,59
1659,PID1658,69
1660,PID1659,58
1661,PID1660,69
1662,PID1661,7
1663,PID1662,23
1664,PID1663,100
1665,PID1664,33
1666,PID1665,96
1667,PID1666,99
1668,PID1667,68
1669,PID1668,32
1670,PID1669,4
1671,PID1670,20
1672,PID1671,96
1673,PID1672,41
1674,PID1673,74
1675,PID1674,46
1676,PID1675,61
1677,PID1676,66
1678,PID1677,26
1679,PID1678,94
1680,PID1679,54
1681,PID1680,6
1682,PID1681,23
1683,PID1682,37
1684,PID1683,45
1685,PID1684,85
1686,PID1685,7
1687,PID1686,36
1688,PID1687,56
1689,PID1688,34
1690,PID1689,99
1691,PID1690,72
1692,PID1691,70
1693,PID1692,2
1694,PID1693,87
1695,PID1694,54
1696,PID1695,85
1697,PID1696,79
1698,PID1697,89
1699,PID1698,16
1700,PID1699,53
1701,PID1700,88
1702,PID1701,41
1703,PID1702,65
1704,PID1703,43
1705,PID1704,79
1706,PID1705,21
1707,PID1706,91
1708,PID1707,84
1709,PID1708,20
1710,PID1709,56
1711,PID1710,70
1712,PID1711,65
1713,PID1712,24
1714,PID1713,43
1715,PID1714,1
1716,PID1715,43
1717,PID1716,13
1718,PID1717,3
1719,PID1718,99
1720,PID1719,96
1721,PID1720,30
1722,PID1721,35
1723,PID1722,30
1724,PID1723,83
1725,PID1724,97
1726,PID1725,44
1727,PID1726,71
1728,PID1727,90
1729,PID1728,89
1730,PID1729,67
1731,PID1730,98
1732,PID1731,18
1733,PID1732,56
1734,PID1733,45
1735,PID1734,38
1736,PID1735,14
1737,PID1736,57
1738,PID1737,69
1739,PID1738,10
1740,PID1739,49
1741,PID1740,14
1742,PID1741,72
1743,PID1742,6
1744,PID1743,35
1745,PID1744,65
1746,PID1745,76
1747,PID1746,25
1748,PID1747,34
1749,PID1748,16
1750,PID1749,14
1751,PID1750,88
1752,PID1751,37
1753,PID1752,99
1754,PID1753,51
1755,PID1754,82
1756,PID1755,42
1757,PID1756,74
1758,PID1757,82
1759,PID1758,84
1760,PID1759,31
1761,PID1760,6
1762,PID1761,92
1763,PID1762,94
1764,PID1763,95
1765,PID1764,96
1766,PID1765,50
1767,PID1766,56
1768,PID1767,77
1769,PID1768,33
1770,PID1769,88
1771,PID1770,24
1772,PID1771,76
1773,PID1772,4
1774,PID1773,10
1775,PID1774,74
1776,PID1775,4
1777,PID1776,95
1778,PID1777,3
1779,PID1778,14
1780,PID1779,72
1781,PID1780,45
1782,PID1781,82
1783,PID1782,24
1784,PID1783,18
1785,PID1784,53
1786,PID1785,7
1787,PID1786,12
1788,PID1787,73
1789,PID1788,87
1790,PID1789,98
1791,PID1790,5
1792,PID1791,76
1793,PID1792,8
1794,PID1793,25
1795,PID1794,74
1796,PID1795,52
1797,PID1796,24
1798,PID1797,64
1799,PID1798,69
1800,PID1799,36
1801,PID1800,31
1802,PID1801,39
1803,PID1802,83
1804,PID1803,90
1805,PID1804,13
1806,PID1805,15
1807,PID1806,96
1808,PID1807,58
1809,PID1808,20
1810,PID1809,91
1811,PID1810,93
1812,PID1811,93
1813,PID1812,33
1814,PID1813,95
1815,PID1814,52
1816,PID1815,50
1817,PID1816,66
1818,PID1817,47
1819,PID1818,58
1820,PID1819,100
1821,PID1820,25
1822,PID1821,78
1823,PID1822,83
1824,PID1823,25
1825,PID1824,14
1826,PID1825,43
1827,PID1826,33
1828,PID1827,44
1829,PID1828,79
1830,PID1829,53
1831,PID1830,57
1832,PID1831,54
1833,PID1832,24
1834,PID1833,2
1835,PID1834,39
1836,PID1835,69
1837,PID1836,49
1838,PID1837,72
1839,PID1838,30
1840,PID1839,5
1841,PID1840,17
1842,PID1841,84
1843,PID1842,15
1844,PID1843,6
1845,PID1844,100
1846,PID1845,89
1847,PID1846,49
1848,PID1847,78
1849,PID1848,10
1850,PID1849,21
1851,PID1850,48
1852,PID1851,1
1853,PID1852,5
1854,PID1853,87
1855,PID1854,13
1856,PID1855,23
1857,PID1856,47
1858,PID1857,52
1859,PID1858,8
1860,PID1859,45
1861,PID1860,65
1862,PID1861,54
1863,PID1862,80
1864,PID1863,58
1865,PID1864,88
1866,PID1865,70
1867,PID1866,60
1868,PID1867,6
1869,PID1868,50
1870,PID1869,2
1871,PID1870,41
1872,PID1871,50
1873,PID1872,49
1874,PID1873,67
1875,PID1874,89
1876,PID1875,23
1877,PID1876,61
1878,PID1877,90
1879,PID1878,27
1880,PID1879,38
1881,PID1880,64
1882,PID1881,77
1883,PID1882,29
1884,PID1883,77
1885,PID1884,29
1886,PID1885,84
1887,PID1886,30
1888,PID1887,75
1889,PID1888,58
1890,PID1889,51
1891,PID1890,96
1892,PID1891,40
1893,PID1892,28
1894,PID1893,59
1895,PID1894,50
1896,PID1895,27
1897,PID1896,52
1898,PID1897,77
1899,PID1898,80
1900,PID1899,29
1901,PID1900,62
1902,PID1901,98
1903,PID1902,38
1904,PID1903,1
1905,PID1904,49
1906,PID1905,84
1907,PID1906,50
1908,PID1907,39
1909,PID1908,33
1910,PID1909,23
1911,PID1910,33
1912,PID1911,53
1913,PID1912,95
1914,PID1913,71
1915,PID1914,8
1916,PID1915,67
1917,PID1916,38
1918,PID1917,2
1919,PID1918,55
1920,PID1919,91
1921,PID1920,6
1922,PID1921,96
1923,PID1922,33
1924,PID1923,14
1925,PID1924,26
1926,PID1925,76
1927,PID1926,20
1928,PID1927,52
1929,PID1928,6
1930,PID1929,57
1931,PID1930,81
1932,PID1931,76
1933,PID1932,100
1934,PID1933,23
1935,PID1934,89
1936,PID1935,35
1937,PID1936,71
1938,PID1937,6
1939,PID1938,73
1940,PID1939,81
1941,PID1940,62
1942,PID1941,34
1943,PID1942,72
1944,PID1943,45
1945,PID1944,22
1946,PID1945,12
1947,PID1946,21
1948,PID1947,68
1949,PID1948,98
1950,PID1949,24
1951,PID1950,59
1952,PID1951,61
1953,PID1952,29
1954,PID1953,84
1955,PID1954,1
1956,PID1955,57
1957,PID1956,72
1958,PID1957,71
1959,PID1958,31
1960,PID1959,36
1961,PID1960,56
1962,PID1961,94
1963,PID1962,24
1964,PID1963,31
1965,PID1964,34
1966,PID1965,71
1967,PID1966,58
1968,PID1967,89
1969,PID1968,23
1970,PID1969,89
1971,PID1970,19
1972,PID1971,51
1973,PID1972,57
1974,PID1973,91
1975,PID1974,1
1976,PID1975,24
1977,PID1976,89
1978,PID1977,41
1979,PID1978,41
1980,PID1979,62
1981,PID1980,68
1982,PID1981,87
1983,PID1982,35
1984,PID1983,24
1985,PID1984,51
1986,PID1985,59
1987,PID1986,44
1988,PID1987,7
1989,PID1988,29
1990,PID1989,86
1991,PID1990,23
1992,PID1991,72
1993,PID1992,49
1994,PID1993,6
1995,PID1994,64
1996,PID1995,45
1997,PID1996,85
1998,PID1997,44
1999,PID1998,42
2000,PID1999,6
2001,PID2000,89
2002,PID2001,41
2003,PID2002,99
2004,PID2003,76
2005,PID2004,49
2006,PID2005,53
2007,PID2006,51
2008,PID2007,90
2009,PID2008,61
2010,PID2009,73
2011,PID2010,86
2012,PID2011,37
2013,PID2012,50
2014,PID2013,58
2015,PID2014,26
2016,PID2015,75
2017,PID2016,95
2018,PID2017,42
2019,PID2018,44
2020,PID2019,39
2021,PID2020,37
2022,PID2021,68
2023,PID2022,41
2024,PID2023,9
2025,PID2024,16
2026,PID2025,90
2027,PID2026,34
2028,PID2027,71
2029,PID2028,51
2030,PID2029,30
2031,PID2030,49
2032,PID2031,58
2033,PID2032,95
2034,PID2033,30
2035,PID2034,4
2036,PID2035,89
2037,PID2036,83
2038,PID2037,38
2039,PID2038,98
2040,PID2039,74
2041,PID2040,85
2042,PID2041,71
2043,PID2042,87
2044,PID2043,42
2045,PID2044,27
2046,PID2045,60
2047,PID2046,68
2048,PID2047,57
2049,PID2048,37
2050,PID2049,31
2051,PID2050,8
2052,PID2051,83
2053,PID2052,62
2054,PID2053,99
2055,PID2054,83
2056,PID2055,59
2057,PID2056,88
2058,PID2057,23
2059,PID2058,89
2060,PID2059,62
2061,PID2060,36
2062,PID2061,91
2063,PID2062,73
2064,PID2063,13
2065,PID2064,10
2066,PID2065,16
2067,PID2066,79
2068,PID2067,55
2069,PID2068,67
2070,PID2069,99
2071,PID2070,82
2072,PID2071,10
2073,PID2072,10
2074,PID2073,65
2075,PID2074,32
2076,PID2075,24
2077,PID2076,59
2078,PID2077,86
2079,PID2078,32
2080,PID2079,61
2081,PID2080,36
2082,PID2081,14
2083,PID2082,58
2084,PID2083,78
2085,PID2084,46
2086,PID2085,24
2087,PID2086,70
2088,PID2087,85
2089,PID2088,26
2090,PID2089,83
2091,PID2090,4
2092,PID2091,96
2093,PID2092,85
2094,PID2093,27
2095,PID2094,27
2096,PID2095,99
2097,PID2096,72
2098,PID2097,38
2099,PID2098,23
2100,PID2099,30
2101,PID2100,21
2102,PID2101,88
2103,PID2102,76
2104,PID2103,29
2105,PID2104,36
2106,PID2105,37
2107,PID2106,76
2108,PID2107,80
2109,PID2108,61
2110,PID2109,65
2111,PID2110,61
2112,PID2111,27
2113,PID2112,48
2114,PID2113,12
2115,PID2114,50
2116,PID2115,74
2117,PID2116,10
2118,PID2117,92
2119,PID2118,36
2120,PID2119,20
2121,PID2120,16
2122,PID2121,59
2123,PID2122,24
2124,PID2123,26
2125,PID2124,87
2126,PID2125,70
2127,PID2126,15
2128,PID2127,22
2129,PID2128,21
2130,PID2129,88
2131,PID2130,53
2132,PID2131,9
2133,PID2132,29
2134,PID2133,93
2135,PID2134,71
2136,PID2135,87
2137,PID2136,32
2138,PID2137,6
2139,PID2138,40
2140,PID2139,45
2141,PID2140,27
2142,PID2141,23
2143,PID2142,19
2144,PID2143,1
2145,PID2144,37
2146,PID2145,66
2147,PID2146,35
2148,PID2147,5
2149,PID2148,53
2150,PID2149,79
2151,PID2150,32
2152,PID2151,15
2153,PID2152,38
2154,PID2153,7
2155,PID2154,8
2156,PID2155,94
2157,PID2156,2
2158,PID2157,76
2159,PID2158,21
2160,PID2159,100
2161,PID2160,35
2162,PID2161,46
2163,PID2162,12
2164,PID2163,13
2165,PID2164,49
2166,PID2165,15
2167,PID2166,53
2168,PID2167,38
2169,PID2168,61
2170,PID2169,17
2171,PID2170,98
2172,PID2171,25
2173,PID2172,51
2174,PID2173,83
2175,PID2174,43
2176,PID2175,79
2177,PID2176,51
2178,PID2177,85
2179,PID2178,27
2180,PID2179,83
2181,PID2180,30
2182,PID2181,61
2183,PID2182,8
2184,PID2183,22
2185,PID2184,22
2186,PID2185,39
2187,PID2186,66
2188,PID2187,24
2189,PID2188,4
2190,PID2189,57
2191,PID2190,87
2192,PID2191,76
2193,PID2192,7
2194,PID2193,36
2195,PID2194,71
2196,PID2195,77
2197,PID2196,56
2198,PID2197,100
2199,PID2198,58
2200,PID2199,16
2201,PID2200,78
2202,PID2201,37
2203,PID2202,53
2204,PID2203,5
2205,PID2204,65
2206,PID2205,46
2207,PID2206,89
2208,PID2207,30
2209,PID2208,73
2210,PID2209,69
2211,PID2210,50
2212,PID2211,79
2213,PID2212,31
2214,PID2213,13
2215,PID2214,55
2216,PID2215,17
2217,PID2216,19
2218,PID2217,74
2219,PID2218,12
2220,PID2219,45
2221,PID2220,73
2222,PID2221,5
2223,PID2222,87
2224,PID2223,78
2225,PID2224,11
2226,PID2225,65
2227,PID2226,57
2228,PID2227,38
2229,PID2228,61
2230,PID2229,99
2231,PID2230,90
2232,PID2231,9
2233,PID2232,87
2234,PID2233,39
2235,PID2234,85
2236,PID2235,27
2237,PID2236,52
2238,PID2237,72
2239,PID2238,51
2240,PID2239,10
2241,PID2240,58
2242,PID2241,11
2243,PID2242,82
2244,PID2243,81
2245,PID2244,92
2246,PID2245,9
2247,PID2246,99
2248,PID2247,65
2249,PID2248,63
2250,PID2249,16
2251,PID2250,77
2252,PID2251,56
2253,PID2252,17
2254,PID2253,73
2255,PID2254,53
2256,PID2255,13
2257,PID2256,6
2258,PID2257,12
2259,PID2258,41
2260,PID2259,50
2261,PID2260,74
2262,PID2261,44
2263,PID2262,59
2264,PID2263,99
2265,PID2264,51
2266,PID2265,4
2267,PID2266,33
2268,PID2267,52
2269,PID2268,15
2270,PID2269,70
2271,PID2270,64
2272,PID2271,17
2273,PID2272,56
2274,PID2273,38
2275,PID2274,45
2276,PID2275,37
2277,PID2276,26
2278,PID2277,3
2279,PID2278,46
2280,PID2279,22
2281,PID2280,40
2282,PID2281,82
2283,PID2282,99
2284,PID2283,76
2285,PID2284,86
2286,PID2285,1
2287,PID2286,99
2288,PID2287,62
2289,PID2288,27
2290,PID2289,26
2291,PID2290,28
2292,PID2291,60
2293,PID2292,32
2294,PID2293,6
2295,PID2294,35
2296,PID2295,64
2297,PID2296,76
2298,PID2297,15
2299,PID2298,71
2300,PID2299,90
2301,PID2300,17
2302,PID2301,94
2303,PID2302,34
2304,PID2303,12
2305,PID2304,18
2306,PID2305,56
2307,PID2306,58
2308,PID2307,19
2309,PID2308,43
2310,PID2309,96
2311,PID2310,38
2312,PID2311,53
2313,PID2312,32
2314,PID2313,45
2315,PID2314,22
2316,PID2315,89
2317,PID2316,70
2318,PID2317,71
2319,PID2318,34
2320,PID2319,78
2321,PID2320,37
2322,PID2321,4
2323,PID2322,48
2324,PID2323,94
2325,PID2324,99
2326,PID2325,73
2327,PID2326,74
2328,PID2327,4
2329,PID2328,97
2330,PID2329,13
2331,PID2330,73
2332,PID2331,91
2333,PID2332,53
2334,PID2333,22
2335,PID2334,83
2336,PID2335,75
2337,PID2336,88
2338,PID2337,88
2339,PID2338,70
2340,PID2339,56
2341,PID2340,93
2342,PID2341,11
2343,PID2342,94
2344,PID2343,25
2345,PID2344,98
2346,PID2345,75
2347,PID2346,73
2348,PID2347,74
2349,PID2348,35
2350,PID2349,98
2351,PID2350,2
2352,PID2351,48
2353,PID2352,55
2354,PID2353,60
2355,PID2354,93
2356,PID2355,87
2357,PID2356,94
2358,PID2357,85
2359,PID2358,67
2360,PID2359,18
2361,PID2360,44
2362,PID2361,29
2363,PID2362,27
2364,PID2363,58
2365,PID2364,86
2366,PID2365,40
2367,PID2366,55
2368,PID2367,11
2369,PID2368,67
2370,PID2369,72
2371,PID2370,28
2372,PID2371,1
2373,PID2372,41
2374,PID2373,52
2375,PID2374,61
2376,PID2375,2
2377,PID2376,64
2378,PID2377,54
2379,PID2378,31
2380,PID2379,83
2381,PID2380,82
2382,PID2381,70
2383,PID2382,32
2384,PID2383,2
2385,PID2384,59
2386,PID2385,36
2387,PID2386,54
2388,PID2387,97
2389,PID2388,1
2390,PID2389,71
2391,PID2390,77
2392,PID2391,80
2393,PID2392,31
2394,PID2393,70
2395,PID2394,47
2396,PID2395,78
2397,PID2396,68
2398,PID2397,25
2399,PID2398,67
2400,PID2399,26
2401,PID2400,19
2402,PID2401,98
2403,PID2402,36
2404,PID2403,84
2405,PID2404,55
2406,PID2405,47
2407,PID2406,12
2408,PID2407,6
2409,PID2408,33
2410,PID2409,35
2411,PID2410,20
2412,PID2411,79
2413,PID2412,11
2414,PID2413,35
2415,PID2414,57
2416,PID2415,9
2417,PID2416,56
2418,PID2417,79
2419,PID2418,44
2420,PID2419,76
2421,PID2420,78
2422,PID2421,17
2423,PID2422,15
2424,PID2423,2
2425,PID2424,94
2426,PID2425,86
2427,PID2426,26
2428,PID2427,15
2429,PID2428,85
2430,PID2429,20
2431,PID2430,1
2432,PID2431,40
2433,PID2432,97
2434,PID2433,90
2435,PID2434,23
2436,PID2435,94
2437,PID2436,88
2438,PID2437,54
2439,PID2438,22
2440,PID2439,95
2441,PID2440,55
2442,PID2441,3
2443,PID2442,11
2444,PID2443,3
2445,PID2444,91
2446,PID2445,47
2447,PID2446,12
2448,PID2447,62
2449,PID2448,23
2450,PID2449,3
2451,PID2450,38
2452,PID2451,34
2453,PID2452,11
2454,PID2453,72
2455,PID2454,71
2456,PID2455,49
2457,PID2456,1
2458,PID2457,66
2459,PID2458,63
2460,PID2459,47
2461,PID2460,84
2462,PID2461,18
2463,PID2462,26
2464,PID2463,98
2465,PID2464,92
2466,PID2465,67
2467,PID2466,94
2468,PID2467,63
2469,PID2468,12
2470,PID2469,73
2471,PID2470,90
2472,PID2471,61
2473,PID2472,29
2474,PID2473,11
2475,PID2474,83
2476,PID2475,85
2477,PID2476,50
2478,PID2477,12
2479,PID2478,84
2480,PID2479,56
2481,PID2480,73
2482,PID2481,45
2483,PID2482,3
2484,PID2483,26
2485,PID2484,32
2486,PID2485,15
2487,PID2486,94
2488,PID2487,32
2489,PID2488,97
2490,PID2489,9
2491,PID2490,58
2492,PID2491,6
2493,PID2492,55
2494,PID2493,68
2495,PID2494,30
2496,PID2495,61
2497,PID2496,90
2498,PID2497,67
2499,PID2498,43
2500,PID2499,17
2501,PID2500,8
2502,PID2501,72
2503,PID2502,89
2504,PID2503,82
2505,PID2504,81
2506,PID2505,75
2507,PID2506,7
2508,PID2507,17
2509,PID2508,11
2510,PID2509,66
2511,PID2510,89
2512,PID2511,32
2513,PID2512,18
2514,PID2513,66
2515,PID2514,98
2516,PID2515,91
2517,PID2516,48
2518,PID2517,35
2519,PID2518,7
2520,PID2519,98
2521,PID2520,30
2522,PID2521,28
2523,PID2522,71
2524,PID2523,33
2525,PID2524,39
2526,PID2525,90
2527,PID2526,24
2528,PID2527,26
2529,PID2528,89
2530,PID2529,21
2531,PID2530,15
2532,PID2531,59
2533,PID2532,73
2534,PID2533,96
2535,PID2534,80
2536,PID2535,40
2537,PID2536,20
2538,PID2537,54
2539,PID2538,60
2540,PID2539,67
2541,PID2540,40
2542,PID2541,96
2543,PID2542,33
2544,PID2543,26
2545,PID2544,75
2546,PID2545,23
2547,PID2546,72
2548,PID2547,4
2549,PID2548,34
2550,PID2549,100
2551,PID2550,88
2552,PID2551,48
2553,PID2552,21
2554,PID2553,5
2555,PID2554,63
2556,PID2555,31
2557,PID2556,59
2558,PID2557,18
2559,PID2558,99
2560,PID2559,3
2561,PID2560,50
2562,PID2561,90
2563,PID2562,40
2564,PID2563,36
2565,PID2564,64
2566,PID2565,10
2567,PID2566,65
2568,PID2567,28
2569,PID2568,76
2570,PID2569,90
2571,PID2570,76
2572,PID2571,41
2573,PID2572,16
2574,PID2573,33
2575,PID2574,16
2576,PID2575,31
2577,PID2576,34
2578,PID2577,23
2579,PID2578,70
2580,PID2579,59
2581,PID2580,40
2582,PID2581,43
2583,PID2582,43
2584,PID2583,39
2585,PID2584,4
2586,PID2585,21
2587,PID2586,57
2588,PID2587,95
2589,PID2588,69
2590,PID2589,62
2591,PID2590,67
2592,PID2591,5
2593,PID2592,28
2594,PID2593,90
2595,PID2594,53
2596,PID2595,93
2597,PID2596,69
2598,PID2597,30
2599,PID2598,72
2600,PID2599,24
2601,PID2600,74
2602,PID2601,27
2603,PID2602,94
2604,PID2603,16
2605,PID2604,92
2606,PID2605,76
2607,PID2606,22
2608,PID2607,15
2609,PID2608,5
2610,PID2609,93
2611,PID2610,29
2612,PID2611,37
2613,PID2612,62
2614,PID2613,45
2615,PID2614,69
2616,PID2615,82
2617,PID2616,56
2618,PID2617,36
2619,PID2618,16
2620,PID2619,12
2621,PID2620,43
2622,PID2621,26
2623,PID2622,65
2624,PID2623,88
2625,PID2624,89
2626,PID2625,75
2627,PID2626,15
2628,PID2627,94
2629,PID2628,69
2630,PID2629,61
2631,PID2630,2
2632,PID2631,62
2633,PID2632,1
2634,PID2633,22
2635,PID2634,84
2636,PID2635,7
2637,PID2636,56
2638,PID2637,49
2639,PID2638,17
2640,PID2639,76
2641,PID2640,30
2642,PID2641,11
2643,PID2642,64
2644,PID2643,7
2645,PID2644,36
2646,PID2645,36
2647,PID2646,21
2648,PID2647,81
2649,PID2648,5
2650,PID2649,9
2651,PID2650,27
2652,PID2651,24
2653,PID2652,37
2654,PID2653,93
2655,PID2654,16
2656,PID2655,15
2657,PID2656,91
2658,PID2657,82
2659,PID2658,97
2660,PID2659,6
2661,PID2660,85
2662,PID2661,98
2663,PID2662,41
2664,PID2663,59
2665,PID2664,60
2666,PID2665,79
2667,PID2666,90
2668,PID2667,68
2669,PID2668,34
2670,PID2669,60
2671,PID2670,35
2672,PID2671,36
2673,PID2672,92
2674,PID2673,52
2675,PID2674,19
2676,PID2675,29
2677,PID2676,52
2678,PID2677,31
2679,PID2678,28
2680,PID2679,21
2681,PID2680,4
2682,PID2681,34
2683,PID2682,95
2684,PID2683,46
2685,PID2684,77
2686,PID2685,93
2687,PID2686,21
2688,PID2687,61
2689,PID2688,70
2690,PID2689,51
2691,PID2690,11
2692,PID2691,91
2693,PID2692,98
2694,PID2693,65
2695,PID2694,4
2696,PID2695,11
2697,PID2696,97
2698,PID2697,99
2699,PID2698,59
2700,PID2699,6
2701,PID2700,14
2702,PID2701,91
2703,PID2702,83
2704,PID2703,15
2705,PID2704,48
2706,PID2705,19
2707,PID2706,57
2708,PID2707,9
2709,PID2708,38
2710,PID2709,86
2711,PID2710,58
2712,PID2711,19
2713,PID2712,52
2714,PID2713,17
2715,PID2714,58
2716,PID2715,76
2717,PID2716,51
2718,PID2717,18
2719,PID2718,55
2720,PID2719,87
2721,PID2720,40
2722,PID2721,19
2723,PID2722,84
2724,PID2723,23
2725,PID2724,11
2726,PID2725,77
2727,PID2726,48
2728,PID2727,6
2729,PID2728,19
2730,PID2729,83
2731,PID2730,44
2732,PID2731,31
2733,PID2732,51
2734,PID2733,62
2735,PID2734,98
2736,PID2735,98
2737,PID2736,81
2738,PID2737,65
2739,PID2738,96
2740,PID2739,69
2741,PID2740,14
2742,PID2741,43
2743,PID2742,77
2744,PID2743,12
2745,PID2744,71
2746,PID2745,26
2747,PID2746,98
2748,PID2747,58
2749,PID2748,8
2750,PID2749,18
2751,PID2750,1
2752,PID2751,60
2753,PID2752,21
2754,PID2753,92
2755,PID2754,78
2756,PID2755,46
2757,PID2756,37
2758,PID2757,25
2759,PID2758,19
2760,PID2759,42
2761,PID2760,81
2762,PID2761,2
2763,PID2762,66
2764,PID2763,73
2765,PID2764,1
2766,PID2765,42
2767,PID2766,55
2768,PID2767,79
2769,PID2768,41
2770,PID2769,78
2771,PID2770,100
2772,PID2771,33
2773,PID2772,65
2774,PID2773,58
2775,PID2774,18
2776,PID2775,49
2777,PID2776,15
2778,PID2777,65
2779,PID2778,47
2780,PID2779,60
2781,PID2780,22
2782,PID2781,8
2783,PID2782,90
2784,PID2783,60
2785,PID2784,21
2786,PID2785,3
2787,PID2786,20
2788,PID2787,53
2789,PID2788,85
2790,PID2789,26
2791,PID2790,54
2792,PID2791,76
2793,PID2792,2
2794,PID2793,99
2795,PID2794,59
2796,PID2795,40
2797,PID2796,36
2798,PID2797,97
2799,PID2798,79
2800,PID2799,71
2801,PID2800,40
2802,PID2801,100
2803,PID2802,56
2804,PID2803,51
2805,PID2804,8
2806,PID2805,97
2807,PID2806,52
2808,PID2807,68
2809,PID2808,23
2810,PID2809,86
2811,PID2810,68
2812,PID2811,87
2813,PID2812,97
2814,PID2813,12
2815,PID2814,98
2816,PID2815,75
2817,PID2816,43
2818,PID2817,34
2819,PID2818,42
2820,PID2819,66
2821,PID2820,32
2822,PID2821,78
2823,PID2822,10
2824,PID2823,45
2825,PID2824,4
2826,PID2825,72
2827,PID2826,60
2828,PID2827,16
2829,PID2828,76
2830,PID2829,25
2831,PID2830,25
2832,PID2831,74
2833,PID2832,68
2834,PID2833,4
2835,PID2834,51
2836,PID2835,57
2837,PID2836,93
2838,PID2837,19
2839,PID2838,1
2840,PID2839,24
2841,PID2840,35
2842,PID2841,16
2843,PID2842,35
2844,PID2843,28
2845,PID2844,96
2846,PID2845,12
2847,PID2846,74
2848,PID2847,99
2849,PID2848,48
2850,PID2849,3
2851,PID2850,9
2852,PID2851,98
2853,PID2852,18
2854,PID2853,57
2855,PID2854,7
2856,PID2855,71
2857,PID2856,51
2858,PID2857,52
2859,PID2858,10
2860,PID2859,17
2861,PID2860,26
2862,PID2861,80
2863,PID2862,68
2864,PID2863,60
2865,PID2864,44
2866,PID2865,2
2867,PID2866,66
2868,PID2867,40
2869,PID2868,39
2870,PID2869,86
2871,PID2870,37
2872,PID2871,60
2873,PID2872,64
2874,PID2873,42
2875,PID2874,78
2876,PID2875,85
2877,PID2876,79
2878,PID2877,67
2879,PID2878,56
2880,PID2879,8
2881,PID2880,30
2882,PID2881,66
2883,PID2882,84
2884,PID2883,10
2885,PID2884,78
2886,PID2885,30
2887,PID2886,1
2888,PID2887,70
2889,PID2888,1
2890,PID2889,39
2891,PID2890,47
2892,PID2891,63
2893,PID2892,89
2894,PID2893,12
2895,PID2894,72
2896,PID2895,57
2897,PID2896,7
2898,PID2897,29
2899,PID2898,88
2900,PID2899,98
2901,PID2900,39
2902,PID2901,86
2903,PID2902,76
2904,PID2903,59
2905,PID2904,24
2906,PID2905,63
2907,PID2906,42
2908,PID2907,52
2909,PID2908,1
2910,PID2909,17
2911,PID2910,93
2912,PID2911,31
2913,PID2912,25
2914,PID2913,1
2915,PID2914,92
2916,PID2915,38
2917,PID2916,92
2918,PID2917,88
2919,PID2918,7
2920,PID2919,47
2921,PID2920,69
2922,PID2921,77
2923,PID2922,52
2924,PID2923,59
2925,PID2924,52
2926,PID2925,66
2927,PID2926,16
2928,PID2927,60
2929,PID2928,76
2930,PID2929,62
2931,PID2930,91
2932,PID2931,38
2933,PID2932,50
2934,PID2933,8
2935,PID2934,24
2936,PID2935,19
2937,PID2936,63
2938,PID2937,17
2939,PID2938,8
2940,PID2939,24
2941,PID2940,22
2942,PID2941,93
2943,PID2942,62
2944,PID2943,59
2945,PID2944,32
2946,PID2945,97
2947,PID2946,9
2948,PID2947,70
2949,PID2948,83
2950,PID2949,55
2951,PID2950,50
2952,PID2951,52
2953,PID2952,74
2954,PID2953,54
2955,PID2954,67
2956,PID2955,38
2957,PID2956,63
2958,PID2957,25
2959,PID2958,3
2960,PID2959,19
2961,PID2960,37
2962,PID2961,34
2963,PID2962,47
2964,PID2963,22
2965,PID2964,58
2966,PID2965,57
2967,PID2966,21
2968,PID2967,63
2969,PID2968,29
2970,PID2969,73
2971,PID2970,64
2972,PID2971,79
2973,PID2972,30
2974,PID2973,13
2975,PID2974,53
2976,PID2975,26
2977,PID2976,58
2978,PID2977,68
2979,PID2978,67
2980,PID2979,1
2981,PID2980,98
2982,PID2981,12
2983,PID2982,21
2984,PID2983,76
2985,PID2984,78
2986,PID2985,62
2987,PID2986,86
2988,PID2987,4
2989,PID2988,96
2990,PID2989,38
2991,PID2990,59
2992,PID2991,62
2993,PID2992,93
2994,PID2993,41
2995,PID2994,2
2996,PID2995,80
2997,PID2996,30
2998,PID2997,8
2999,PID2998,83
3000,PID2999,72
3001,PID3000,44
3002,PID3001,79
3003,PID3002,36
3004,PID3003,83
3005,PID3004,70
3006,PID3005,62
3007,PID3006,68
3008,PID3007,96
3009,PID3008,96
3010,PID3009,71
3011,PID3010,71
3012,PID3011,90
3013,PID3012,58
3014,PID3013,40
3015,PID3014,14
3016,PID3015,13
3017,PID3016,15
3018,PID3017,61
3019,PID3018,3
3020,PID3019,80
3021,PID3020,93
3022,PID3021,56
3023,PID3022,1
3024,PID3023,72
3025,PID3024,93
3026,PID3025,3
3027,PID3026,26
3028,PID3027,15
3029,PID3028,22
3030,PID3029,84
3031,PID3030,36
3032,PID3031,79
3033,PID3032,57
3034,PID3033,53
3035,PID3034,90
3036,PID3035,56
3037,PID3036,38
3038,PID3037,61
3039,PID3038,17
3040,PID3039,32
3041,PID3040,89
3042,PID3041,93
3043,PID3042,37
3044,PID3043,5
3045,PID3044,100
3046,PID3045,85
3047,PID3046,62
3048,PID3047,64
3049,PID3048,80
3050,PID3049,16
3051,PID3050,12
3052,PID3051,79
3053,PID3052,30
3054,PID3053,49
3055,PID3054,98
3056,PID3055,33
3057,PID3056,14
3058,PID3057,47
3059,PID3058,65
3060,PID3059,88
3061,PID3060,98
3062,PID3061,83
3063,PID3062,16
3064,PID3063,12
3065,PID3064,92
3066,PID3065,52
3067,PID3066,87
3068,PID3067,17
3069,PID3068,15
3070,PID3069,3
3071,PID3070,11
3072,PID3071,21
3073,PID3072,45
3074,PID3073,33
3075,PID3074,25
3076,PID3075,33
3077,PID3076,91
3078,PID3077,80
3079,PID3078,29
3080,PID3079,50
3081,PID3080,32
3082,PID3081,4
3083,PID3082,39
3084,PID3083,45
3085,PID3084,60
3086,PID3085,89
3087,PID3086,46
3088,PID3087,37
3089,PID3088,20
3090,PID3089,34
3091,PID3090,100
3092,PID3091,54
3093,PID3092,77
3094,PID3093,46
3095,PID3094,44
3096,PID3095,17
3097,PID3096,82
3098,PID3097,55
3099,PID3098,92
3100,PID3099,55
3101,PID3100,6
3102,PID3101,18
3103,PID3102,13
3104,PID3103,18
3105,PID3104,12
3106,PID3105,69
3107,PID3106,77
3108,PID3107,53
3109,PID3108,34
3110,PID3109,16
3111,PID3110,69
3112,PID3111,79
3113,PID3112,21
3114,PID3113,11
3115,PID3114,79
3116,PID3115,13
3117,PID3116,79
3118,PID3117,22
3119,PID3118,58
3120,PID3119,34
3121,PID3120,43
3122,PID3121,20
3123,PID3122,13
3124,PID3123,86
3125,PID3124,80
3126,PID3125,93
3127,PID3126,30
3128,PID3127,78
3129,PID3128,67
3130,PID3129,77
3131,PID3130,5
3132,PID3131,49
3133,PID3132,23
3134,PID3133,75
3135,PID3134,30
3136,PID3135,14
3137,PID3136,1
3138,PID3137,4
3139,PID3138,56
3140,PID3139,97
3141,PID3140,41
3142,PID3141,19
3143,PID3142,18
3144,PID3143,58
3145,PID3144,51
3146,PID3145,36
3147,PID3146,28
3148,PID3147,42
3149,PID3148,67
3150,PID3149,17
3151,PID3150,25
3152,PID3151,57
3153,PID3152,56
3154,PID3153,47
3155,PID3154,28
3156,PID3155,11
3157,PID3156,24
3158,PID3157,65
3159,PID3158,57
3160,PID3159,87
3161,PID3160,21
3162,PID3161,6
3163,PID3162,24
3164,PID3163,42
3165,PID3164,36
3166,PID3165,63
3167,PID3166,30
3168,PID3167,7
3169,PID3168,51
3170,PID3169,16
3171,PID3170,98
3172,PID3171,67
3173,PID3172,5
3174,PID3173,28
3175,PID3174,26
3176,PID3175,15
3177,PID3176,73
3178,PID3177,57
3179,PID3178,43
3180,PID3179,10
3181,PID3180,65
3182,PID3181,73
3183,PID3182,20
3184,PID3183,67
3185,PID3184,23
3186,PID3185,14
3187,PID3186,47
3188,PID3187,51
3189,PID3188,53
3190,PID3189,41
3191,PID3190,76
3192,PID3191,36
3193,PID3192,39
3194,PID3193,47
3195,PID3194,61
3196,PID3195,7
3197,PID3196,21
3198,PID3197,46
3199,PID3198,17
3200,PID3199,35
3201,PID3200,74
3202,PID3201,67
3203,PID3202,91
3204,PID3203,27
3205,PID3204,63
3206,PID3205,72
3207,PID3206,47
3208,PID3207,55
3209,PID3208,16
3210,PID3209,58
3211,PID3210,58
3212,PID3211,96
3213,PID3212,40
3214,PID3213,13
3215,PID3214,67
3216,PID3215,5
3217,PID3216,88
3218,PID3217,89
3219,PID3218,80
3220,PID3219,6
3221,PID3220,47
3222,PID3221,4
3223,PID3222,12
3224,PID3223,94
3225,PID3224,32
3226,PID3225,5
3227,PID3226,50
3228,PID3227,71
3229,PID3228,100
3230,PID3229,82
3231,PID3230,80
3232,PID3231,53
3233,PID3232,63
3234,PID3233,46
3235,PID3234,32
3236,PID3235,34
3237,PID3236,67
3238,PID3237,55
3239,PID3238,86
3240,PID3239,25
3241,PID3240,7
3242,PID3241,41
3243,PID3242,70
3244,PID3243,85
3245,PID3244,56
3246,PID3245,99
3247,PID3246,96
3248,PID3247,51
3249,PID3248,63
3250,PID3249,36
3251,PID3250,65
3252,PID3251,24
3253,PID3252,83
3254,PID3253,51
3255,PID3254,94
3256,PID3255,91
3257,PID3256,79
3258,PID3257,80
3259,PID3258,77
3260,PID3259,31
3261,PID3260,32
3262,PID3261,12
3263,PID3262,2
3264,PID3263,51
3265,PID3264,29
3266,PID3265,95
3267,PID3266,22
3268,PID3267,29
3269,PID3268,3
3270,PID3269,62
3271,PID3270,52
3272,PID3271,94
3273,PID3272,91
3274,PID3273,88
3275,PID3274,97
3276,PID3275,92
3277,PID3276,94
3278,PID3277,78
3279,PID3278,51
3280,PID3279,77
3281,PID3280,56
3282,PID3281,41
3283,PID3282,64
3284,PID3283,77
3285,PID3284,88
3286,PID3285,58
3287,PID3286,93
3288,PID3287,62
3289,PID3288,60
3290,PID3289,7
3291,PID3290,82
3292,PID3291,53
3293,PID3292,50
3294,PID3293,33
3295,PID3294,79
3296,PID3295,11
3297,PID3296,46
3298,PID3297,70
3299,PID3298,31
3300,PID3299,37
3301,PID3300,81
3302,PID3301,20
3303,PID3302,20
3304,PID3303,17
3305,PID3304,11
3306,PID3305,76
3307,PID3306,65
3308,PID3307,35
3309,PID3308,2
3310,PID3309,86
3311,PID3310,84
3312,PID3311,29
3313,PID3312,49
3314,PID3313,18
3315,PID3314,29
3316,PID3315,15
3317,PID3316,21
3318,PID3317,55
3319,PID3318,65
3320,PID3319,98
3321,PID3320,89
3322,PID3321,73
3323,PID3322,70
3324,PID3323,20
3325,PID3324,59
3326,PID3325,72
3327,PID3326,54
3328,PID3327,87
3329,PID3328,74
3330,PID3329,24
3331,PID3330,50
3332,PID3331,99
3333,PID3332,74
3334,PID3333,94
3335,PID3334,46
3336,PID3335,86
3337,PID3336,41
3338,PID3337,76
3339,PID3338,73
3340,PID3339,17
3341,PID3340,92
3342,PID3341,77
3343,PID3342,24
3344,PID3343,29
3345,PID3344,21
3346,PID3345,41
3347,PID3346,65
3348,PID3347,51
3349,PID3348,60
3350,PID3349,6
3351,PID3350,74
3352,PID3351,5
3353,PID3352,1
3354,PID3353,97
3355,PID3354,52
3356,PID3355,76
3357,PID3356,28
3358,PID3357,79
3359,PID3358,80
3360,PID3359,92
3361,PID3360,81
3362,PID3361,63
3363,PID3362,59
3364,PID3363,69
3365,PID3364,95
3366,PID3365,59
3367,PID3366,62
3368,PID3367,16
3369,PID3368,92
3370,PID3369,58
3371,PID3370,76
3372,PID3371,71
3373,PID3372,37
3374,PID3373,6
3375,PID3374,43
3376,PID3375,41
3377,PID3376,92
3378,PID3377,58
3379,PID3378,86
3380,PID3379,28
3381,PID3380,58
3382,PID3381,57
3383,PID3382,74
3384,PID3383,29
3385,PID3384,99
3386,PID3385,74
3387,PID3386,32
3388,PID3387,63
3389,PID3388,61
3390,PID3389,46
3391,PID3390,40
3392,PID3391,56
3393,PID3392,1
3394,PID3393,20
3395,PID3394,6
3396,PID3395,70
3397,PID3396,50
3398,PID3397,57
3399,PID3398,25
3400,PID3399,79
3401,PID3400,86
3402,PID3401,51
3403,PID3402,22
3404,PID3403,19
3405,PID3404,60
3406,PID3405,70
3407,PID3406,53
3408,PID3407,29
3409,PID3408,3
3410,PID3409,12
3411,PID3410,5
3412,PID3411,65
3413,PID3412,40
3414,PID3413,23
3415,PID3414,13
3416,PID3415,3
3417,PID3416,98
3418,PID3417,93
3419,PID3418,32
3420,PID3419,39
3421,PID3420,36
3422,PID3421,42
3423,PID3422,28
3424,PID3423,26
3425,PID3424,8
3426,PID3425,60
3427,PID3426,9
3428,PID3427,37
3429,PID3428,37
3430,PID3429,58
3431,PID3430,80
3432,PID3431,87
3433,PID3432,16
3434,PID3433,11
3435,PID3434,88
3436,PID3435,36
3437,PID3436,90
3438,PID3437,18
3439,PID3438,85
3440,PID3439,92
3441,PID3440,54
3442,PID3441,35
3443,PID3442,70
3444,PID3443,42
3445,PID3444,4
3446,PID3445,88
3447,PID3446,29
3448,PID3447,100
3449,PID3448,59
3450,PID3449,80
3451,PID3450,38
3452,PID3451,21
3453,PID3452,63
3454,PID3453,99
3455,PID3454,50
3456,PID3455,10
3457,PID3456,62
3458,PID3457,43
3459,PID3458,10
3460,PID3459,13
3461,PID3460,11
3462,PID3461,38
3463,PID3462,5
3464,PID3463,82
3465,PID3464,2
3466,PID3465,52
3467,PID3466,74
3468,PID3467,80
3469,PID3468,95
3470,PID3469,45
3471,PID3470,95
3472,PID3471,26
3473,PID3472,100
3474,PID3473,77
3475,PID3474,7
3476,PID3475,77
3477,PID3476,79
3478,PID3477,7
3479,PID3478,8
3480,PID3479,23
3481,PID3480,33
3482,PID3481,1
3483,PID3482,4
3484,PID3483,14
3485,PID3484,55
3486,PID3485,89
3487,PID3486,86
3488,PID3487,42
3489,PID3488,15
3490,PID3489,56
3491,PID3490,58
3492,PID3491,92
3493,PID3492,92
3494,PID3493,21
3495,PID3494,26
3496,PID3495,68
3497,PID3496,35
3498,PID3497,47
3499,PID3498,66
3500,PID3499,8
3501,PID3500,41
3502,PID3501,11
3503,PID3502,53
3504,PID3503,48
3505,PID3504,34
3506,PID3505,99
3507,PID3506,19
3508,PID3507,60
3509,PID3508,26
3510,PID3509,67
3511,PID3510,57
3512,PID3511,4
3513,PID3512,43
3514,PID3513,91
3515,PID3514,5
3516,PID3515,66
3517,PID3516,53
3518,PID3517,94
3519,PID3518,55
3520,PID3519,15
3521,PID3520,27
3522,PID3521,14
3523,PID3522,24
3524,PID3523,92
3525,PID3524,4
3526,PID3525,21
3527,PID3526,4
3528,PID3527,70
3529,PID3528,2
3530,PID3529,89
3531,PID3530,90
3532,PID3531,17
3533,PID3532,29
3534,PID3533,72
3535,PID3534,98
3536,PID3535,66
3537,PID3536,69
3538,PID3537,3
3539,PID3538,14
3540,PID3539,41
3541,PID3540,60
3542,PID3541,71
3543,PID3542,90
3544,PID3543,69
3545,PID3544,21
3546,PID3545,63
3547,PID3546,73
3548,PID3547,73
3549,PID3548,81
3550,PID3549,40
3551,PID3550,75
3552,PID3551,63
3553,PID3552,71
3554,PID3553,71
3555,PID3554,14
3556,PID3555,45
3557,PID3556,56
3558,PID3557,62
3559,PID3558,21
3560,PID3559,58
3561,PID3560,5
3562,PID3561,99
3563,PID3562,59
3564,PID3563,27
3565,PID3564,88
3566,PID3565,32
3567,PID3566,24
3568,PID3567,40
3569,PID3568,23
3570,PID3569,89
3571,PID3570,23
3572,PID3571,19
3573,PID3572,6
3574,PID3573,33
3575,PID3574,7
3576,PID3575,9
3577,PID3576,5
3578,PID3577,85
3579,PID3578,81
3580,PID3579,76
3581,PID3580,47
3582,PID3581,48
3583,PID3582,57
3584,PID3583,57
3585,PID3584,58
3586,PID3585,37
3587,PID3586,10
3588,PID3587,10
3589,PID3588,82
3590,PID3589,92
3591,PID3590,91
3592,PID3591,88
3593,PID3592,68
3594,PID3593,56
3595,PID3594,18
3596,PID3595,41
3597,PID3596,21
3598,PID3597,51
3599,PID3598,28
3600,PID3599,20
3601,PID3600,41
3602,PID3601,78
3603,PID3602,1
3604,PID3603,72
3605,PID3604,81
3606,PID3605,89
3607,PID3606,21
3608,PID3607,17
3609,PID3608,22
3610,PID3609,18
3611,PID3610,9
3612,PID3611,51
3613,PID3612,58
3614,PID3613,81
3615,PID3614,46
3616,PID3615,23
3617,PID3616,92
3618,PID3617,20
3619,PID3618,43
3620,PID3619,2
3621,PID3620,21
3622,PID3621,73
3623,PID3622,96
3624,PID3623,50
3625,PID3624,31
3626,PID3625,21
3627,PID3626,32
3628,PID3627,96
3629,PID3628,4
3630,PID3629,67
3631,PID3630,50
3632,PID3631,5
3633,PID3632,92
3634,PID3633,5
3635,PID3634,14
3636,PID3635,98
3637,PID3636,64
3638,PID3637,13
3639,PID3638,35
3640,PID3639,21
3641,PID3640,5
3642,PID3641,23
3643,PID3642,65
3644,PID3643,22
3645,PID3644,87
3646,PID3645,17
3647,PID3646,54
3648,PID3647,11
3649,PID3648,33
3650,PID3649,35
3651,PID3650,82
3652,PID3651,26
3653,PID3652,10
3654,PID3653,72
3655,PID3654,27
3656,PID3655,16
3657,PID3656,14
3658,PID3657,40
3659,PID3658,49
3660,PID3659,36
3661,PID3660,77
3662,PID3661,24
3663,PID3662,39
3664,PID3663,59
3665,PID3664,1
3666,PID3665,46
3667,PID3666,43
3668,PID3667,62
3669,PID3668,68
3670,PID3669,70
3671,PID3670,36
3672,PID3671,48
3673,PID3672,82
3674,PID3673,73
3675,PID3674,59
3676,PID3675,14
3677,PID3676,5
3678,PID3677,41
3679,PID3678,50
3680,PID3679,33
3681,PID3680,49
3682,PID3681,51
3683,PID3682,4
3684,PID3683,9
3685,PID3684,5
3686,PID3685,52
3687,PID3686,69
3688,PID3687,49
3689,PID3688,61
3690,PID3689,86
3691,PID3690,3
3692,PID3691,29
3693,PID3692,13
3694,PID3693,64
3695,PID3694,54
3696,PID3695,19
3697,PID3696,68
3698,PID3697,1
3699,PID3698,25
3700,PID3699,73
3701,PID3700,14
3702,PID3701,12
3703,PID3702,47
3704,PID3703,48
3705,PID3704,37
3706,PID3705,4
3707,PID3706,41
3708,PID3707,98
3709,PID3708,52
3710,PID3709,20
3711,PID3710,8
3712,PID3711,3
3713,PID3712,30
3714,PID3713,58
3715,PID3714,57
3716,PID3715,7
3717,PID3716,16
3718,PID3717,69
3719,PID3718,44
3720,PID3719,46
3721,PID3720,98
3722,PID3721,16
3723,PID3722,85
3724,PID3723,20
3725,PID3724,81
3726,PID3725,43
3727,PID3726,51
3728,PID3727,22
3729,PID3728,78
3730,PID3729,84
3731,PID3730,58
3732,PID3731,86
3733,PID3732,29
3734,PID3733,22
3735,PID3734,67
3736,PID3735,2
3737,PID3736,69
3738,PID3737,72
3739,PID3738,9
3740,PID3739,90
3741,PID3740,75
3742,PID3741,82
3743,PID3742,4
3744,PID3743,37
3745,PID3744,99
3746,PID3745,58
3747,PID3746,25
3748,PID3747,1
3749,PID3748,97
3750,PID3749,94
3751,PID3750,96
3752,PID3751,96
3753,PID3752,74
3754,PID3753,40
3755,PID3754,19
3756,PID3755,43
3757,PID3756,14
3758,PID3757,98
3759,PID3758,24
3760,PID3759,46
3761,PID3760,69
3762,PID3761,28
3763,PID3762,87
3764,PID3763,13
3765,PID3764,93
3766,PID3765,79
3767,PID3766,98
3768,PID3767,78
3769,PID3768,59
3770,PID3769,79
3771,PID3770,82
3772,PID3771,80
3773,PID3772,14
3774,PID3773,33
3775,PID3774,32
3776,PID3775,24
3777,PID3776,19
3778,PID3777,33
3779,PID3778,65
3780,PID3779,56
3781,PID3780,100
3782,PID3781,98
3783,PID3782,66
3784,PID3783,55
3785,PID3784,20
3786,PID3785,45
3787,PID3786,80
3788,PID3787,61
3789,PID3788,51
3790,PID3789,61
3791,PID3790,27
3792,PID3791,11
3793,PID3792,30
3794,PID3793,70
3795,PID3794,99
3796,PID3795,46
3797,PID3796,51
3798,PID3797,20
3799,PID3798,91
3800,PID3799,35
3801,PID3800,62
3802,PID3801,67
3803,PID3802,54
3804,PID3803,90
3805,PID3804,58
3806,PID3805,7
3807,PID3806,44
3808,PID3807,64
3809,PID3808,28
3810,PID3809,51
3811,PID3810,77
3812,PID3811,48
3813,PID3812,83
3814,PID3813,15
3815,PID3814,34
3816,PID3815,100
3817,PID3816,81
3818,PID3817,27
3819,PID3818,44
3820,PID3819,59
3821,PID3820,48
3822,PID3821,40
3823,PID3822,36
3824,PID3823,100
3825,PID3824,35
3826,PID3825,53
3827,PID3826,73
3828,PID3827,48
3829,PID3828,72
3830,PID3829,17
3831,PID3830,56
3832,PID3831,60
3833,PID3832,13
3834,PID3833,92
3835,PID3834,84
3836,PID3835,82
3837,PID3836,66
3838,PID3837,53
3839,PID3838,74
3840,PID3839,83
3841,PID3840,72
3842,PID3841,99
3843,PID3842,13
3844,PID3843,2
3845,PID3844,36
3846,PID3845,50
3847,PID3846,78
3848,PID3847,83
3849,PID3848,59
3850,PID3849,6
3851,PID3850,68
3852,PID3851,96
3853,PID3852,18
3854,PID3853,9
3855,PID3854,30
3856,PID3855,19
3857,PID3856,47
3858,PID3857,64
3859,PID3858,60
3860,PID3859,30
3861,PID3860,44
3862,PID3861,7
3863,PID3862,19
3864,PID3863,21
3865,PID3864,20
3866,PID3865,72
3867,PID3866,44
3868,PID3867,7
3869,PID3868,55
3870,PID3869,6
3871,PID3870,94
3872,PID3871,23
3873,PID3872,29
3874,PID3873,8
3875,PID3874,91
3876,PID3875,37
3877,PID3876,43
3878,PID3877,74
3879,PID3878,28
3880,PID3879,43
3881,PID3880,84
3882,PID3881,83
3883,PID3882,16
3884,PID3883,61
3885,PID3884,20
3886,PID3885,16
3887,PID3886,31
3888,PID3887,100
3889,PID3888,8
3890,PID3889,92
3891,PID3890,80
3892,PID3891,54
3893,PID3892,2
3894,PID3893,68
3895,PID3894,14
3896,PID3895,50
3897,PID3896,46
3898,PID3897,88
3899,PID3898,69
3900,PID3899,46
3901,PID3900,85
3902,PID3901,59
3903,PID3902,25
3904,PID3903,70
3905,PID3904,1
3906,PID3905,6
3907,PID3906,9
3908,PID3907,78
3909,PID3908,29
3910,PID3909,88
3911,PID3910,58
3912,PID3911,50
3913,PID3912,26
3914,PID3913,6
3915,PID3914,28
3916,PID3915,9
3917,PID3916,6
3918,PID3917,90
3919,PID3918,75
3920,PID3919,29
3921,PID3920,46
3922,PID3921,60
3923,PID3922,22
3924,PID3923,81
3925,PID3924,19
3926,PID3925,97
3927,PID3926,70
3928,PID3927,61
3929,PID3928,27
3930,PID3929,43
3931,PID3930,22
3932,PID3931,93
3933,PID3932,95
3934,PID3933,41
3935,PID3934,36
3936,PID3935,41
3937,PID3936,45
3938,PID3937,26
3939,PID3938,58
3940,PID3939,63
3941,PID3940,56
3942,PID3941,76
3943,PID3942,15
3944,PID3943,8
3945,PID3944,53
3946,PID3945,34
3947,PID3946,4
3948,PID3947,26
3949,PID3948,15
3950,PID3949,52
3951,PID3950,82
3952,PID3951,15
3953,PID3952,89
3954,PID3953,99
3955,PID3954,80
3956,PID3955,15
3957,PID3956,74
3958,PID3957,44
3959,PID3958,76
3960,PID3959,56
3961,PID3960,14
3962,PID3961,47
3963,PID3962,3
3964,PID3963,87
3965,PID3964,6
3966,PID3965,77
3967,PID3966,98
3968,PID3967,5
3969,PID3968,22
3970,PID3969,33
3971,PID3970,55
3972,PID3971,99
3973,PID3972,61
3974,PID3973,23
3975,PID3974,14
3976,PID3975,49
3977,PID3976,8
3978,PID3977,54
3979,PID3978,58
3980,PID3979,57
3981,PID3980,97
3982,PID3981,71
3983,PID3982,11
3984,PID3983,18
3985,PID3984,73
3986,PID3985,62
3987,PID3986,36
3988,PID3987,69
3989,PID3988,21
3990,PID3989,55
3991,PID3990,57
3992,PID3991,57
3993,PID3992,21
3994,PID3993,67
3995,PID3994,65
3996,PID3995,94
3997,PID3996,7
3998,PID3997,3
3999,PID3998,17
4000,PID3999,47
